timestep,timestamp,agent_id,username,persona,action_text
0,2025-07-15T08:00:00,0,kingpamela,You are a curious social media user.,"- Action: Like on post 47
- Reason: The user is sharing their experience and seeking advice.

- Action: Like on post 48
- Reason: The user is describing a problem and seeking a solution.

- Action: Comment on post 49
- Reason: The user is providing detailed information about the issue and asking for help.

- Action: Like on post 50
- Reason: The user is venting their frustration and asking for assistance with a difficult situation.

- Action: Comment on post 50
- Reason:  The user is adding further context and requesting clarification about the camera's features and potential investigations."
0,2025-07-15T08:00:00,1,cybermonk,You are a curious social media user.,"- Action: Like on Post 47
- Reason: The user is sharing a first-time security camera post, indicating a potential interest in the topic.

- Action: Like on Post 48
- Reason: The user is responding to the post about wiring a security camera, showing engagement with the content.

- Action: Like on Post 49
- Reason: The user is expressing concern about a stalker, increasing the likelihood of attention and engagement with the post.

- Action: Like on Post 50
- Reason: The user is sharing a distressing situation, encouraging engagement and potentially further discussion.

- Action: Share on Post 50
- Reason: The user is presenting the content as an opportunity for wider visibility and potential community support."
0,2025-07-15T08:00:00,2,techsensei,You are a curious social media user.,"- Action: Like on Post 47
- Reason: The user is sharing a valuable piece of information about a security camera issue, indicating interest in the topic.

- Action: Like on Post 48
- Reason: The user is providing a helpful update to the community, offering their experience with wiring a security camera.

- Action: Like on Post 49
- Reason: The user is seeking advice and collaboration, aligning with the topic of surveillance and potential issues.

- Action: Comment on Post 49
- Reason: The user is acknowledging the user’s concerns regarding stalking and providing a solution-oriented response.

- Action: Like on Post 50
- Reason: The user is sharing a serious and urgent situation, which could generate a lot of discussion."
0,2025-07-15T08:00:00,3,paranoidpi,You are a curious social media user.,"- Action: Like on Post 47
- Reason: The user is sharing a first-time security camera post, indicating a potential interest in the topic.

- Action: Like on Post 48
- Reason: The user is sharing a post about a camera setup, which is relevant to the security camera discussion.

- Action: Comment on Post 48
- Reason: The user's comment about the issue with the camera and the possible stalker provides a relevant context and generates engagement.

- Action: Like on Post 49
- Reason: The user is commenting on a post about license plate surveillance, which adds to the security camera theme.

- Action: Comment on Post 49
- Reason: The user’s comment is a direct response to the user's observation about the stalker car, maintaining a relevant conversation flow.

- Action: Like on Post 50
- Reason: The user is commenting on a post about a burned car, further demonstrating interest in the topic."
0,2025-07-15T08:00:00,4,viralvigilante,You are a curious social media user.,"- Action: Like on post 47
- Reason: The user is sharing information about a security camera setup and is demonstrating engagement with the subreddit.

- Action: Like on post 48
- Reason: The user is sharing a snippet of a post about a new security camera and is engaging with the community.

- Action: Like on post 49
- Reason: The user is posting about a problem with a surveillance and is engaging with the community.

- Action: Like on post 50
- Reason: The user is sharing a concerning post about a burned car, engaging with the community.

- Action: Comment on post 50
- Reason: The user is providing additional context and expressing their concern, which aligns with the subreddit's focus on security and investigation."
0,2025-07-15T08:00:00,5,justscrollin,You are a curious social media user.,"- Action: Like on post 47
- Reason: The user is sharing a relevant post about first-time security camera setup, indicating interest in the topic.

- Action: Like on post 48
- Reason: The user is responding to the post about wiring a security camera, furthering the conversation about security solutions.

- Action: Like on post 49
- Reason: The user is sharing a post about a stalking issue, aligning with the user’s initial request for camera recommendations.

- Action: Like on post 50
- Reason: The user is expressing their situation with the car fire and seeking assistance, aligning with the user’s request for help."
0,2025-07-15T08:00:00,6,calm_mod,You are a curious social media user.,"- Action: Like on Post 47
- Reason: The user is sharing a compelling story about a security camera, increasing engagement and potentially attracting attention.

- Action: Comment on Post 47
- Reason: The user’s comment is relevant to the story and adds valuable context. It shows understanding of the situation and asks for help, increasing the likelihood of further interaction.

- Action: Like on Post 48
- Reason: The user is responding to a post about a camera’s issue, demonstrating engagement and offering a potential solution.

- Action: Comment on Post 48
- Reason: The user adds more information about the issue they’re discussing, further fueling engagement.

- Action: Like on Post 49
- Reason: The user is reinforcing the need for help and highlighting the user's problem.

- Action: Like on Post 50
- Reason: Similar to Post 47, expressing concern and seeking assistance aligns with the user’s initial narrative and potentially increases interest."
0,2025-07-15T08:00:00,7,curiouscat,You are a curious social media user.,"- Action: Like on post 47
- Reason: The user is sharing a first-time security camera setup, suggesting they might be seeking recommendations and are open to learning.

- Action: Like on post 48
- Reason: The user is sharing an experience with a security camera setup, showing they are engaged with the topic and interested in potential solutions.

- Action: Like on post 49
- Reason: The user is asking for help regarding a stalker situation, aligning with the theme of security camera monitoring.

- Action: Like on post 50
- Reason: The user is presenting evidence of a car burning, indicating a potential security concern and a desire for assistance."
0,2025-07-15T08:00:00,8,angstyteen,You are a curious social media user.,"- Action: Like on post 47
- Reason: The user is sharing a valuable piece of information about a security camera issue – it’s a good opportunity to engage with the community.

- Action: Like on post 48
- Reason: The user is responding to the post about the camera wiring and offering their opinion – a good interaction to encourage discussion.

- Action: Like on post 49
- Reason: The user is providing a helpful response to the stalker’s problem – this aligns with the community’s focus on problem-solving and helps build trust.

- Action: Like on post 50
- Reason: The user is highlighting a serious situation – this adds urgency and encourages engagement.

- Action: Like on post 50
- Reason: The user's statement is attention-grabbing and emphasizes the importance of the situation – increasing the likelihood of a reaction."
0,2025-07-15T08:00:00,9,policywatch,You are a curious social media user.,"- Action: Like on Post 47
- Reason: The user is sharing a first-time security camera experience, indicating a potential interest in the topic.

- Action: Like on Post 48
- Reason: The user is providing a helpful observation about security camera wiring, aligning with the theme of security solutions.

- Action: Like on Post 49
- Reason: The user is presenting a detailed problem description, showcasing a desire for a solution to a specific issue.

- Action: Like on Post 50
- Reason: The user is venting their frustration, suggesting a need for assistance, further reinforcing the topic."
0,2025-07-15T08:00:00,10,kingpamela,You are a curious social media user.,"- Action: Like on Post 47
- Reason: The user is sharing a relevant post about security cameras, indicating a desire for information and potentially engagement.

- Action: Like on Post 48
- Reason: The user is providing a relatable experience and seeking advice, aligning with the topic of security cameras.

- Action: Like on Post 49
- Reason: The user is sharing a personal experience related to a potential stalker issue, increasing engagement.

- Action: Like on Post 50
- Reason: The user is stating a critical situation and asking for help, boosting the post’s visibility.

- Action: Share on Post 50
- Reason: The user is seeking community support related to a potentially serious situation, encouraging discussion.

- Action: Create new post
- Reason: The user is now stating a new problem, which is the core of the situation described in the post."
0,2025-07-15T08:00:00,11,cybermonk,You are a curious social media user.,"- Action: Like on post 47
- Reason: The user is sharing a relevant post about security cameras and offers a first-time experience, suggesting engagement with the topic.

- Action: Like on post 48
- Reason: The user is providing a helpful update about wiring a security camera, demonstrating knowledge and engagement with the topic.

- Action: Like on post 49
- Reason: The user is presenting a specific issue with a stalker, engaging with a potentially trending topic.

- Action: Like on post 50
- Reason: The user is detailing a distressing situation, encouraging engagement and potentially sparking discussion.

- Action: Like on post 51
- Reason: The user is providing a valuable detail about the camera – the onboard storage – increasing its value for the user."
0,2025-07-15T08:00:00,12,techsensei,You are a curious social media user.,"- Action: Like on Post 47
- Reason: The user is sharing a valuable piece of information about a security camera, indicating they are likely interested in finding a solution.

- Action: Like on Post 48
- Reason: The user is sharing a relatable experience – installing a security camera – which can encourage engagement and further discussion.

- Action: Like on Post 49
- Reason: The user’s detailed description of the issue and their request for help creates a compelling narrative, potentially attracting attention from other users with relevant experiences.

- Action: Like on Post 50
- Reason: The user’s urgent plea for assistance, combined with the detail of the burning car, is highly likely to generate interest and potential responses from other users who might offer support or expertise."
0,2025-07-15T08:00:00,13,paranoidpi,You are a curious social media user.,"- Action: Like on post 47
- Reason: The user is sharing a first-time security camera experience, suggesting a potentially valuable or interesting piece of information.

- Action: Like on post 48
- Reason: The user is describing a problem and seeking advice, which aligns with the sharing of a real-world situation.

- Action: Like on post 49
- Reason: The user is seeking help with a potential security issue, mirroring the user’s initial posting.

- Action: Like on post 50
- Reason: The user is expressing distress and seeking information, aligning with a potentially urgent situation."
0,2025-07-15T08:00:00,14,viralvigilante,You are a curious social media user.,"- Action: Like on Post 47
- Reason: The user is sharing a relevant post about security camera wiring, suggesting they’re seeking recommendations.

- Action: Like on Post 48
- Reason: The user’s post about setting up a security camera in a new home is engaging and potentially valuable, aligning with the subreddit’s focus on security and DIY solutions.

- Action: Like on Post 49
- Reason: The user is describing a potential problem – stalking – which is a sensitive and relevant topic for a security camera subreddit.

- Action: Like on Post 50
- Reason: The user is expressing distress and seeking help, showing engagement with the community."
1,2025-07-16T08:00:00,0,kingpamela,You are a curious social media user.,"- Action: Refresh
- Reason: I need to ensure I’m seeing the most up-to-date information on camera recommendations.

- Action: Like
- Reason: I’m interested in the first post – the one about camera for catching fly tippers. It seems to be a fairly specific need.

- Action: Like
- Reason: The second post about security cameras is also interesting. It’s a good example of a user seeking practical advice.

- Action: Like
- Reason: The third post is relevant because it’s a very specific, niche problem – stalker camera.  It’s a bit unique and could generate more engagement.

- Action: Like
- Reason: The fourth post is a good example of a user seeking help with a problem – a car was burned. It's a relatable situation.

- Action: Like
- Reason: The fifth post about DW Spectrum cloud issues is a good opportunity to create a more detailed discussion and potentially surface a potential problem.

- Action: Like
- Reason: I’m adding a ‘Like’ for the fifth post to show engagement.

- Action: Like
- Reason: The sixth post about the camera for capturing license plates is relevant. The user is seeking specific recommendations.

- Action: Like
- Reason: The seventh post is a bit more complex – a user is sharing their experience, which is a valuable piece of information.

- Action: Like
- Reason: I’m adding a ‘Like’ for the seventh post to show engagement.

- Action: Dislike
- Reason: I don’t need to dislike this post – it’s a standard response for a social media platform.

- Action: Like
- Reason: The last post about the camera for capturing license plates is useful, the user is asking for help.

- Action: Like
- Reason: I’m adding a ‘Like’ for the last post to show engagement."
1,2025-07-16T08:00:00,1,cybermonk,You are a curious social media user.,"- Action: Refresh
- Reason:  The user is refreshing the feed, so I'll refresh to see if there are any new posts or updates.

- Action: Like
- Reason:  I like the user’s question about potential camera solutions. It’s a relevant and engaging topic.

- Action: Like
- Reason: I like the user’s concern about the car burning and their desire for a solution. It’s a compelling narrative and presents a potential problem.

- Action: Comment (state content right afterwards here)
- Reason:  ""Wow, that sounds incredibly stressful.  It’s good you're looking into this.  The cloud storage issue is a big problem, especially with the intermittent timing out.  I’ll look into the DW Spectrum situation and see if I can find any relevant information or updates. Thanks for sharing this.""

- Action: Like
- Reason:  I’m liking the user’s comments. They're sharing a relatable experience – being frustrated with a product's stability.

- Action: Like
- Reason:  The user mentions ""the last one was to update to the latest version which has been done on all the sites but then again tonight it timed out again.""  It's a bit of a rambling statement but shows continued effort.

- Action: Comment (state content right afterwards here)
- Reason: ""That’s a really frustrating experience. It's good you're digging into this. I'll keep an eye out for any updates or news about this issue with DW Spectrum, and share any relevant links or information I find.""

- Action: Like
- Reason: User's solution to the problem is a good response and the user is showing that they're going to work to find a solution, so I like it."
1,2025-07-16T08:00:00,2,techsensei,You are a curious social media user.,"- Action: Refresh
- Reason: The user is refreshing the feed and seeing new posts, which suggests they’re looking for more information or recommendations.

- Action: Like
- Reason: The user is engaging with the content of the first post – it’s a good example of a relatable and insightful comment.

- Action: Comment (state content right afterwards here)
- Reason: “I agree that the idea of a camera that only records number plates at night is very useful. It’s a smart solution to prevent potential stalking or harassment. However, I’m also a little concerned about battery life, especially when considering a camera that needs to be placed outside.  I'm also interested in seeing how DW Spectrum handles cloud storage – it seems like there could be a recurring issue with the timers and account restrictions.”

- Action: Like
- Reason: The user is expressing interest in the DW Spectrum issue – it’s a detailed problem that is relevant to potential users.

- Action: Comment (state content right afterwards here)
- Reason: “That’s a really frustrating experience! Being timed out repeatedly is incredibly inconvenient, and the intermittent nature of it is concerning. It’s good that you’ve reached out to support, but the lack of permanent resolution is concerning.”

- Action: Like
- Reason: The user is showing understanding of the user's frustration.

- Action: Like
- Reason:  The user is adding to the engagement by showing they understand the problem and are interested in a resolution.

- Action: Dislike (optional - not explicitly requested)
- Reason: The user might be annoyed with the ongoing issue.

- Action: Comment (state content right afterwards here)
- Reason: ""I think it's a bit of a mess, as the issue persists across multiple versions. It seems like updates haven’t fully addressed it. It's also a little disappointing that the support team hasn’t provided a definitive answer.  It’s really frustrating to have to constantly check in and troubleshoot this."""
1,2025-07-16T08:00:00,3,paranoidpi,You are a curious social media user.,"- Action: Refresh
- Reason: The user is refreshing the feed, so it’s best to get a fresh overview of the latest posts.

- Action: Like
- Reason: The user is actively engaging with the content, so a like shows support for the posts.

- Action: Like
- Reason: The user is liking a post, showing interest in the content.

- Action: Comment (positive)
- Reason: The user is commenting on the first post, expressing appreciation for the content and suggesting a possible solution.

- Action: Like
- Reason: The user likes the second post.

- Action: Comment (negative)
- Reason: The user is commenting on the second post, expressing concern about the potential for surveillance and the issue with the camera.

- Action: Like
- Reason: The user likes the third post, showing support for the user’s concerns.

- Action: Share
- Reason: The user is sharing the content, potentially to reach a wider audience.

- Action: Create new post
- Reason: The user is creating a new post to offer their own perspective and insights."
1,2025-07-16T08:00:00,4,viralvigilante,You are a curious social media user.,"- Action: Refresh
- Reason: I want to see the latest updates to the community.

- Action: Like
- Reason: I’m interested in learning about solutions and potential problems people are experiencing.

- Action: Like
- Reason: I’m impressed by the helpfulness of the responses and want to show appreciation for the community.

- Action: Like
- Reason: I’m genuinely interested in learning more about potential issues with DW Spectrum.

- Action: Like
- Reason: I'm trying to contribute to the community by sharing a relevant experience.

- Action: Like
- Reason: I want to show support for the community and show I'm paying attention to their discussions.

- Action: Like
- Reason:  It's a good habit to engage with posts that are relevant to me.

- Action: Like
- Reason:  I want to acknowledge the helpfulness of the responses.

- Action: Like
- Reason:  I'm actively seeking information and want to be part of the conversation.

- Action: Like
- Reason:  I want to show appreciation for the community's efforts.

- Action: Like
- Reason:  I want to participate in the conversation and offer a perspective.

- Action: Comment (License plates/stalker) –“I noticed the camera system seems to have some issues logging in, particularly when it comes to recurring issues. It’s hard to see why they are being timed out weekly.”

- Action: Comment (Swann Security) –“I’m having trouble understanding how to set up Google One as the storage when the system isn’t recording. It seems like the quality of the recorded footage is poor.”

- Action: Comment (DW Spectrum) –“The cloud issues seem like a significant problem. How many users are experiencing this and what steps are being taken to address it?”

- Action: Comment (Dw Spectrum) –“The lack of troubleshooting for V5 is concerning.  It’s frustrating to have such a persistent problem when the system is already updated.”

- Action: Comment (DW Spectrum) –“Can anyone confirm that the issue is tied to the specific version of the DW Spectrum application or is it persistent across all versions?”

- Action: Like
- Reason:  Engage in the conversation and show I'm paying attention to the community's questions."
1,2025-07-16T08:00:00,5,justscrollin,You are a curious social media user.,"- Action: Refresh
- Reason: The user is refreshing and seeing new posts, so it’s best to start with a fresh view.

- Action: Like
- Reason: The user is viewing posts about camera recommendations, so expressing interest in those suggestions is a good start.

- Action: Like
- Reason: The user is commenting on a post about DW Spectrum, showing interest in the camera system.

- Action: Like
- Reason: The user is commenting on a post about DW Spectrum, highlighting a known issue.

- Action: Like
- Reason: The user is liking a post regarding DW Spectrum, showcasing appreciation.

- Action: Like
- Reason: The user is liking a post detailing a known issue with DW Spectrum.

- Action: Share
- Reason: The user is sharing a post about DW Spectrum because it has something the user can benefit from.

- Action: Like
- Reason: The user is sharing a post about DW Spectrum and expressing interest in the suggestion made.

- Action: Comment (state content right afterwards here)
- Reason: The user is adding a comment about DW Spectrum, suggesting a possible solution to the timed out issue.

- Action: Like
- Reason: The user is adding a comment to a post mentioning DW Spectrum and highlighting a potential workaround to the issues they are experiencing."
1,2025-07-16T08:00:00,6,calm_mod,You are a curious social media user.,"- Action: Refresh
- Reason: The user’s feed is constantly updating, so a refresh is necessary to see fresh content.

- Action: Like
- Reason: The user is showing interest in the content – they are looking for recommendations.

- Action: Like
- Reason: The user is highlighting a relevant post – the “first time security camera” post.

- Action: Like
- Reason: The user is responding to a relevant post – the “camera for license plates/stalker” post.

- Action: Comment (state content right afterwards here)
- Reason: The user is sharing their own experience with a security camera system and asking for help.

- Action: Like
- Reason: The user is acknowledging the user’s problem with the new camera.

- Action: Like
- Reason: The user is showing concern for the user.

- Action: Like
- Reason: The user is highlighting a helpful post regarding cloud storage with DW Spectrum.

- Action: Comment (state content right afterwards here)
- Reason: The user is providing a detailed explanation of the problem the user is encountering.

- Action: Like
- Reason: The user is highlighting the user's detailed feedback about the DW Spectrum cloud storage issue.

- Action: Like
- Reason: The user is acknowledging the user’s experience of having issues with their cloud accounts."
