post_id,title,author,url,num_likes,num_dislikes,num_comments,num_shares,created_utc,flair,score,score_val,approach2_computed_virality,score,,,,,
1,Help with this Security system,CptRoast,https://www.reddit.com/r/SecurityCamera/comments/1m7r3bz/help_with_this_security_system/,0,0,0,0,2025-07-24T01:18:40Z,,0,10,,0,,,,,
2,"Best outdoor camera with no need for WiFi, and is solar?",soft_femme,https://www.reddit.com/r/SecurityCamera/comments/1m7r2vr/best_outdoor_camera_with_no_need_for_wifi_and_is/,4,0,4,0,2025-07-24T01:18:04Z,,8,5,,21,,,,,
3,"I ran three new cctv cables and added three new cameras to my dvr all in the same area, but one of them flickers.",wolfgheist,https://www.reddit.com/r/SecurityCamera/comments/1m7pvi1/i_ran_three_new_cctv_cables_and_added_three_new/,0,0,0,0,2025-07-24T00:21:03Z,,0,1,,0,,,,,4.84
4,Security cam system with storage to PC HDD?,sbielawa,https://www.reddit.com/r/SecurityCamera/comments/1m7p5kt/security_cam_system_with_storage_to_pc_hdd/,1,0,1,0,2025-07-23T23:48:10Z,,2,3,,11,,,,,
5,Camera with an app and gives up 12 or 24 hours to view footage for free,IndependentPiano1827,https://www.reddit.com/r/SecurityCamera/comments/1m7ov7e/camera_with_an_app_and_gives_up_12_or_24_hours_to/,0,0,0,0,2025-07-23T23:35:11Z,,0,3,,0,,,,,
6,Nest Cam question,Nice-Macaron-3746,https://www.reddit.com/r/SecurityCamera/comments/1m7nc3j/nest_cam_question/,0,0,0,0,2025-07-23T22:29:26Z,,0,1,,0,,,,,
7,Reliable camera with remote access and notifications,Simple-Seaweed424,https://www.reddit.com/r/SecurityCamera/comments/1m7n6lk/reliable_camera_with_remote_access_and/,0,0,0,0,2025-07-23T22:22:59Z,,0,3,,2,,15.77272727,,,
8,Avycon Cameras + Reolink NVR,Nickypicky_1,https://www.reddit.com/r/SecurityCamera/comments/1m7m9ij/avycon_cameras_reolink_nvr/,0,0,0,0,2025-07-23T21:46:17Z,,0,1,,0,,,,,
9,I’m looking for video cameras for my business that don’t rely on Internet and can’t be deleted by anyone at my front desk. Can anyone point me in the right direction? I’m having a serious security issue at my business.,Unfair_Minimum_581,https://www.reddit.com/r/SecurityCamera/comments/1m7kbk0/im_looking_for_video_cameras_for_my_business_that/,0,0,0,0,2025-07-23T20:30:21Z,,0,34,,0,,,,,
10,Camera for barn,barvetski,https://www.reddit.com/r/SecurityCamera/comments/1m7jql6/camera_for_barn/,0,0,0,0,2025-07-23T20:08:28Z,,0,5,,0,,,,,
11,Wanting mutiple cameras for the track.,Kindly_Teach_9285,https://www.reddit.com/r/SecurityCamera/comments/1m75dxh/wanting_mutiple_cameras_for_the_track/,0,0,0,0,2025-07-23T10:14:06Z,,0,,,0,,,,,
12,Camera Recommendations For A Church,rrodg12,https://www.reddit.com/r/SecurityCamera/comments/1m74jds/camera_recommendations_for_a_church/,0,0,0,0,2025-07-23T09:21:08Z,,0,6,,0,,,,,
13,Odd Question,5h4ckl3ford,https://www.reddit.com/r/SecurityCamera/comments/1m73zfb/odd_question/,0,0,0,0,2025-07-23T08:44:16Z,,0,1,,0,,,,,
14,How exactly is it possible to have remote access to cameras with no cloud account?,BBGonda,https://www.reddit.com/r/SecurityCamera/comments/1m6xox4/how_exactly_is_it_possible_to_have_remote_access/,0,0,0,0,2025-07-23T02:37:26Z,,0,27,,0,,,,,
15,Vichome firmware update notice,MsChiSox,https://www.reddit.com/r/SecurityCamera/comments/1m6k7xb/vichome_firmware_update_notice/,0,0,1,0,2025-07-22T17:23:08Z,,1,5,,0,,,,,
16,NVR to PC,flashly79,https://www.reddit.com/r/SecurityCamera/comments/1m6aiwf/nvr_to_pc/,0,0,0,0,2025-07-22T10:30:49Z,,0,3,,15,,,,,
17,"Genuinely curious: what kind of ""technical capability"" is required to review apartment security footage?",bluemoonshade,https://www.reddit.com/r/SecurityCamera/comments/1m5tu3z/genuinely_curious_what_kind_of_technical/,0,0,0,0,2025-07-21T20:21:03Z,,0,40,,0,,,,,
18,New home construction - Ring vs Eufy vs Ubiquity Unifi?,lawstudent420,https://www.reddit.com/r/SecurityCamera/comments/1m5tccl/new_home_construction_ring_vs_eufy_vs_ubiquity/,0,0,0,0,2025-07-21T20:02:34Z,,0,1,,0,,,,,
19,New to cameras. Need advice,MrNakedPanda,https://www.reddit.com/r/SecurityCamera/comments/1m5s064/new_to_cameras_need_advice/,17,0,22,0,2025-07-21T19:12:05Z,,39,12,,6,,,,,
20,replacement needed for watchnet evi-1621-2T,ThatOneHypedGuy,https://www.reddit.com/r/SecurityCamera/comments/1m5o759/replacement_needed_for_watchnet_evi16212t/,0,0,0,0,2025-07-21T16:51:59Z,,0,1,,0,,,,,
21,Need help identifying this security camera,GuitaristKage,https://www.reddit.com/r/SecurityCamera/comments/1m5mx4r/need_help_identifying_this_security_camera/,1,0,0,0,2025-07-21T16:04:09Z,,1,152,,13,,,,,
22,looking for cheap security camera with seperate local storage,Final-Scheme-7360,https://www.reddit.com/r/SecurityCamera/comments/1m5lnsy/looking_for_cheap_security_camera_with_seperate/,0,0,0,0,2025-07-21T15:17:08Z,,0,1,,0,,,,,
23,Moved into a house with a PoE camera setup. How do start I using it?,Baked_Brain,https://www.reddit.com/r/SecurityCamera/comments/1m5aib0/moved_into_a_house_with_a_poe_camera_setup_how_do/,0,0,0,0,2025-07-21T05:27:26Z,,0,10,,0,,,,,
24,New home. Is this a camera?,Logical-Security7368,https://www.reddit.com/r/SecurityCamera/comments/1m5afys/new_home_is_this_a_camera/,0,0,0,0,2025-07-21T05:23:42Z,,0,10,,0,,,,,
25,WIFI Camera with connection failover,Pikatchu714,https://www.reddit.com/r/SecurityCamera/comments/1m5a9p2/wifi_camera_with_connection_failover/,0,0,0,0,2025-07-21T05:13:23Z,,0,1,,0,,,,,
26,Market Validation for new product,Head_Arrival_6592,https://www.reddit.com/r/SecurityCamera/comments/1m538rr/market_validation_for_new_product/,0,0,0,0,2025-07-20T23:21:22Z,,0,3,,0,,,,,
27,Best home security camera,MotorEbb652,https://www.reddit.com/r/SecurityCamera/comments/1m528xe/best_home_security_camera/,0,0,0,0,2025-07-20T22:37:09Z,,0,8,,0,,,,,
28,IWFCam - No Memory Detected,Membrainn,https://www.reddit.com/r/SecurityCamera/comments/1m4s7cs/iwfcam_no_memory_detected/,2,0,8,0,2025-07-20T15:48:34Z,,10,3,,2,,,,,
29,Seeking suggestions for basic home wireless NVR and IP camera setup,pineapplepizzabong,https://www.reddit.com/r/SecurityCamera/comments/1m4rsma/seeking_suggestions_for_basic_home_wireless_nvr/,2,0,8,0,2025-07-20T15:31:51Z,,10,6,,12,,,,,
30,Camera System,Standard_Practice_29,https://www.reddit.com/r/SecurityCamera/comments/1m4ehia/camera_system/,0,0,0,0,2025-07-20T03:05:21Z,,0,14,,0,,,,,
31,Where would a good spot for a security camera be for my garage . Condo townhouse,Frenchbulldogcanada,https://www.reddit.com/r/SecurityCamera/comments/1m4c0hj/where_would_a_good_spot_for_a_security_camera_be/,0,0,0,0,2025-07-20T00:57:23Z,,0,24,,0,,,,,
32,HELP Need Advice on Camera System to Keep Elderly Mom Safe,AdhesivenessOver840,https://www.reddit.com/r/SecurityCamera/comments/1m473lf/help_need_advice_on_camera_system_to_keep_elderly/,0,0,0,0,2025-07-19T21:08:11Z,,0,7,,7,6.0527,,,,
33,Question or suggestion about AOSU cameras DOA,Void_Listener,https://www.reddit.com/r/SecurityCamera/comments/1m45k1t/question_or_suggestion_about_aosu_cameras_doa/,0,0,0,0,2025-07-19T20:01:24Z,,0,1,,12,,,,,
34,Which 180° panoramic PoE camera with person detection under $300?,riverviewpark,https://www.reddit.com/r/SecurityCamera/comments/1m40qvt/which_180_panoramic_poe_camera_with_person/,0,0,0,0,2025-07-19T16:41:24Z,,0,11,,5,,,,,
35,Yi camera. Don't buy it,Public_Key8956,https://www.reddit.com/r/SecurityCamera/comments/1m3uf1q/yi_camera_dont_buy_it/,0,0,0,0,2025-07-19T11:55:48Z,,0,17,,6,,,,,
36,Fuzzy lines on camera at night,Azztrix,https://www.reddit.com/r/SecurityCamera/comments/1m3tuzk/fuzzy_lines_on_camera_at_night/,0,0,0,0,2025-07-19T11:24:27Z,,0,8,,0,,,,,
37,Does anyone use this modem?,Unlikely_Wombat10,https://www.reddit.com/r/SecurityCamera/comments/1m3rr2a/does_anyone_use_this_modem/,0,0,0,0,2025-07-19T09:08:30Z,,0,2,,0,,,,,
38,Eufy,FLEAL76,https://www.reddit.com/r/SecurityCamera/comments/1m3m332/eufy/,0,0,0,0,2025-07-19T03:25:48Z,,0,1,,0,,,,,
39,best bedroom security cameras ?,digigirlwurld,https://www.reddit.com/r/SecurityCamera/comments/1m3fnz3/best_bedroom_security_cameras/,0,0,0,0,2025-07-18T22:16:12Z,,0,11,,2,,,,,
40,Installing mesh/AP in between NVR and POE switch that is connected to 4 cameras,jeggernawt,https://www.reddit.com/r/SecurityCamera/comments/1m3cyap/installing_meshap_in_between_nvr_and_poe_switch/,0,0,5,0,2025-07-18T20:23:42Z,,5,5,,11,,,,,
41,Recomendation for DVR using Trackmix wifi.,u_siciliano,https://www.reddit.com/r/SecurityCamera/comments/1m2rv3p/recomendation_for_dvr_using_trackmix_wifi/,0,0,0,0,2025-07-18T03:32:49Z,,0,2,0,0,,,,,
42,LTS camera adjustment,BloodyNightwalker,https://www.reddit.com/r/SecurityCamera/comments/1m2rqlt/lts_camera_adjustment/,0,0,0,0,2025-07-18T03:26:18Z,,0,5,4.621,0,,,,,
43,Aosu cameras connecting to monitor.,Mike-huntts,https://www.reddit.com/r/SecurityCamera/comments/1m2qp35/aosu_cameras_connecting_to_monitor/,0,0,0,0,2025-07-18T02:33:49Z,,0,1,2.154,0,3.80652,,,,
44,Ring Camera hacked?!,Ok_Accountant_4954,https://www.reddit.com/r/SecurityCamera/comments/1m2nz8s/ring_camera_hacked/,0,0,0,0,2025-07-18T00:23:39Z,,0,1,-0.915,0,,,,,
45,Whats wrong,cashma352,https://www.reddit.com/r/SecurityCamera/comments/1m2lkgu/whats_wrong/,0,0,0,0,2025-07-17T22:36:10Z,,0,4,1.047,0,,,,,
46,Hiseeu,jnctx2020,https://www.reddit.com/r/SecurityCamera/comments/1m2emco/hiseeu/,18,0,18,0,2025-07-17T18:02:47Z,,36,11,4.861,2,,,,,
47,"Looking for wireless, solar, no subscription security camera",Spetz,https://www.reddit.com/r/SecurityCamera/comments/1m2dp4v/looking_for_wireless_solar_no_subscription/,4,0,3,0,2025-07-17T17:27:55Z,,7,45,3.459,44,,,,,
48,Help document emotional abuse in Texas,mugskitten,https://www.reddit.com/r/SecurityCamera/comments/1m2d4x8/help_document_emotional_abuse_in_texas/,5,0,4,0,2025-07-17T17:06:35Z,,9,11,1.236,6,,,,,
49,Security Camera Recommendations,Anxious_Hearing9607,https://www.reddit.com/r/SecurityCamera/comments/1m2a6wv/security_camera_recommendations/,0,0,0,0,2025-07-17T15:13:53Z,,0,7,3,1,,,,,
50,UNV NVR having issues with cameras extended via network,LightGuy48,https://www.reddit.com/r/SecurityCamera/comments/1m26cbn/unv_nvr_having_issues_with_cameras_extended_via/,0,0,0,0,2025-07-17T12:34:13Z,,0,4,1.373,0,,,,,
51,Need advice for buying a security camera for my apartment,andreas_kieling,https://www.reddit.com/r/SecurityCamera/comments/1m20dw8/need_advice_for_buying_a_security_camera_for_my/,0,0,0,0,2025-07-17T06:37:23Z,,0,2,0.68,0,,,,,
52,Is this setup worth it,SAFETYfirsst,https://www.reddit.com/r/SecurityCamera/comments/1m1tq5m/is_this_setup_worth_it/,0,0,0,0,2025-07-17T00:47:04Z,,0,2,4.595,0,,,,,
53,Swann Security camera not recording,Sunor-,https://www.reddit.com/r/SecurityCamera/comments/1m1cl2i/swann_security_camera_not_recording/,0,0,0,0,2025-07-16T13:27:35Z,,0,9,3.25,0,,,,,
54,"tight budget, camera system that uses google one storage",nexgenasian,https://www.reddit.com/r/SecurityCamera/comments/1m13v0w/tight_budget_camera_system_that_uses_google_one/,0,0,0,0,2025-07-16T04:58:08Z,,0,8,4.795,1,,,,,
55,DW Spectrum cloud issues,hamel2021,https://www.reddit.com/r/SecurityCamera/comments/1m10qwq/dw_spectrum_cloud_issues/,0,0,0,0,2025-07-16T02:14:12Z,,0,2,4.282,0,,,,,
56,Camera for catching fly tippers,lonelydaduk,https://www.reddit.com/r/SecurityCamera/comments/1m0oecx/camera_for_catching_fly_tippers/,0,0,0,0,2025-07-15T17:42:02Z,,0,43,14.157,4,,,,,
57,First time security camera,Copingphonix79,https://www.reddit.com/r/SecurityCamera/comments/1m0ldrm/first_time_security_camera/,1,0,1,0,2025-07-15T15:50:30Z,,2,39,3.172,3,,,,,
58,YI Home can't view clips anymore unless you have cloud... time to sent camera to the trash,elyuma,https://www.reddit.com/r/SecurityCamera/comments/1m0it46/yi_home_cant_view_clips_anymore_unless_you_have/,0,0,1,0,2025-07-15T14:11:24Z,,1,25,2,0,,,,,
59,Camera for license plates/stalker,Organic-Distance,https://www.reddit.com/r/SecurityCamera/comments/1m0hwfp/camera_for_license_platesstalker/,5,0,5,0,2025-07-15T13:33:24Z,,10,13,4.57,8,,,,,
60,I need help my car was burned in my back yard can somone identify this camera,pl3ase_help,https://www.reddit.com/r/SecurityCamera/comments/1m06t47/i_need_help_my_car_was_burned_in_my_back_yard_can/,0,0,0,0,2025-07-15T03:06:02Z,,0,18,1.407,0,,,,,
61,Tech advice - non wifi camera solutions,Alternative_lane,https://www.reddit.com/r/SecurityCamera/comments/1m06qql/tech_advice_non_wifi_camera_solutions/,0,0,0,0,2025-07-15T03:02:42Z,,0,9,4.884,0,,,,,
62,How to view VicoHome camera's past alerts? Using the app is best?,MsChiSox,https://www.reddit.com/r/SecurityCamera/comments/1m00jn1/how_to_view_vicohome_cameras_past_alerts_using/,0,0,0,0,2025-07-14T22:23:46Z,,0,1,4.608,1,,,,,
63,Camera,Latter_Wolverine_627,https://www.reddit.com/r/SecurityCamera/comments/1lzvrjr/camera/,0,0,0,0,2025-07-14T19:20:32Z,,0,16,4.897,0,,,,,
64,Side Mount PTZ - Oriented to Side (not Down),Sycamorepod,https://www.reddit.com/r/SecurityCamera/comments/1lztqzd/side_mount_ptz_oriented_to_side_not_down/,0,0,0,0,2025-07-14T18:06:47Z,,0,14,1.634,4,,,,,
65,Whole House Recommendations,Actual-Stand-4757,https://www.reddit.com/r/SecurityCamera/comments/1lyyfga/whole_house_recommendations/,0,0,0,0,2025-07-13T17:24:55Z,,0,4,2,1,,,,,
66,Camera no audio or pan and tilt,bluemoon1333,https://www.reddit.com/r/SecurityCamera/comments/1lyxo4o/camera_no_audio_or_pan_and_tilt/,0,0,1,0,2025-07-13T16:54:19Z,,1,16,6.013,2,,,,,
67,Security camera with a long battery life,Similar-Surround8113,https://www.reddit.com/r/SecurityCamera/comments/1ly9tvp/security_camera_with_a_long_battery_life/,0,0,1,0,2025-07-12T20:09:53Z,,1,2,4.567,1,,,,,
68,PoE connection not working but tester shows the cable is OK,ezeaizen,https://www.reddit.com/r/SecurityCamera/comments/1ly7llv/poe_connection_not_working_but_tester_shows_the/,2,0,5,0,2025-07-12T18:33:59Z,,7,24,4.163,5,,,,,
69,What can I get for a single security camera that records 24/7 without a DVR setup?,Ramblewolf,https://www.reddit.com/r/SecurityCamera/comments/1ly62g7/what_can_i_get_for_a_single_security_camera_that/,3,0,6,0,2025-07-12T17:30:17Z,,9,47,4.609,9,,,,,
70,Is this a good install,Ok-Blacksmith-7021,https://www.reddit.com/r/SecurityCamera/comments/1ly2hke/is_this_a_good_install/,2,0,5,0,2025-07-12T14:58:58Z,,7,58,7.884,5,,,,,
71,Searching for a CCTV camera that offers clear audio to monitor the cashier in a noisy reception area.,Familiar_Tension_638,https://www.reddit.com/r/SecurityCamera/comments/1lxyx22/searching_for_a_cctv_camera_that_offers_clear/,0,0,0,0,2025-07-12T12:10:21Z,,0,8,8.714,0,,,,,
72,Looking for a security camera that can run off a power bank,WhatThisGirlSaid,https://www.reddit.com/r/SecurityCamera/comments/1lxvi19/looking_for_a_security_camera_that_can_run_off_a/,0,0,0,0,2025-07-12T08:30:44Z,,0,4,3.953,0,,,,,
73,Discreet visual and audio camera,lucybashh,https://www.reddit.com/r/SecurityCamera/comments/1lxlesm/discreet_visual_and_audio_camera/,0,0,0,0,2025-07-11T23:16:15Z,,0,10,2.273,0,,,,,
74,Need long distance NV security camera,goober2199,https://www.reddit.com/r/SecurityCamera/comments/1lwxz7y/need_long_distance_nv_security_camera/,0,0,0,0,2025-07-11T04:43:01Z,,0,3,4.759,0,,,,,
75,Solar &amp; Cellular Outdoor Cameras,Relevant_Act2046,https://www.reddit.com/r/SecurityCamera/comments/1lwwaco/solar_cellular_outdoor_cameras/,0,0,0,0,2025-07-11T03:12:58Z,,0,4,4.88,0,,,,,
76,Can anyone identify this security camera?,Aviorwolf,https://www.reddit.com/r/SecurityCamera/comments/1lwuxxm/can_anyone_identify_this_security_camera/,0,0,0,0,2025-07-11T02:06:44Z,,0,6,6.41,0,,,,,
77,wifi mini hidden spy camera wireless hd 1080p,RepeatPlayful3779,https://www.reddit.com/r/SecurityCamera/comments/1lwrmfu/wifi_mini_hidden_spy_camera_wireless_hd_1080p/,0,0,0,0,2025-07-10T23:27:47Z,,0,6,1.363,0,,,,,
78,Lorex security cameras,EmeraldFireWolf,https://www.reddit.com/r/SecurityCamera/comments/1lwqn3a/lorex_security_cameras/,0,0,0,0,2025-07-10T22:45:32Z,,0,0,4.14,0,,,,,
79,24/7 Video recording review/“scrubbing”,yanksfold,https://www.reddit.com/r/SecurityCamera/comments/1lwjtvf/247_video_recording_reviewscrubbing/,1,0,1,0,2025-07-10T18:12:01Z,,2,14,0.68,0,,,,,
80,Our AirBnb has these throughout the home with privacy shield open - what are they and how to tell if these are live?,BitcoinRigNoob,https://www.reddit.com/r/SecurityCamera/comments/1lwghes/our_airbnb_has_these_throughout_the_home_with/,24,0,21,0,2025-07-10T16:01:46Z,,45,406,2.719,7,,,,,
81,Mobotix jpg url on newer models Mx-VB1A-8-IR-VA,smhick,https://www.reddit.com/r/SecurityCamera/comments/1lwf388/mobotix_jpg_url_on_newer_models_mxvb1a8irva/,0,0,0,0,2025-07-10T15:06:45Z,,0,1,6.903,7,,,,,
82,PoE doorbell cameras options,WishboneTemporary232,https://www.reddit.com/r/SecurityCamera/comments/1lwef1q/poe_doorbell_cameras_options/,0,0,0,0,2025-07-10T14:39:26Z,,0,5,2.663,0,,,,,
83,Simple live camera suggestions?,KarnifalChimera,https://www.reddit.com/r/SecurityCamera/comments/1lw56xs/simple_live_camera_suggestions/,0,0,0,0,2025-07-10T05:57:15Z,,0,4,2.843,0,,,,,
84,Altered with security cameras,chronosthetitan,https://www.reddit.com/r/SecurityCamera/comments/1lw2uis/altered_with_security_cameras/,0,0,0,0,2025-07-10T03:41:33Z,,0,2,4.774,0,,,,,
85,Best Way to Share Tapo C402 Camera Access with Immediate Family,bbgarnett,https://www.reddit.com/r/SecurityCamera/comments/1lvxjy9/best_way_to_share_tapo_c402_camera_access_with/,85,0,80,0,2025-07-09T23:21:52Z,,165,4,0.988,4,,,,,
86,Continuous Live Stream Help,InsignificantUnit137,https://www.reddit.com/r/SecurityCamera/comments/1lvt7xy/continuous_live_stream_help/,4,0,4,0,2025-07-09T20:21:26Z,,8,1,4.856,3,,,,,
87,Blink outdoor 3/4 the right option?,Jay20W,https://www.reddit.com/r/SecurityCamera/comments/1lvr9x1/blink_outdoor_34_the_right_option/,1,0,1,0,2025-07-09T19:04:44Z,,2,1,4.885,6,,,,,
88,"Non-subscription, closed network options?",WARowland,https://www.reddit.com/r/SecurityCamera/comments/1lvq24i/nonsubscription_closed_network_options/,1,0,1,0,2025-07-09T18:17:26Z,,2,6,4.725,88,,,,,
89,Wireless/Solar + 4G/LTE Outdoor Security Cameras for 5-Building Industrial Park – Recommendations?,Hungry_Coconut930,https://www.reddit.com/r/SecurityCamera/comments/1lvmgnx/wirelesssolar_4glte_outdoor_security_cameras_for/,2,0,1,0,2025-07-09T15:57:42Z,,3,3,3.936,6,,,,,
90,Camera detected motion at night and I’m paranoid af,Scared_Ad_8772,https://www.reddit.com/r/SecurityCamera/comments/1lva66i/camera_detected_motion_at_night_and_im_paranoid_af/,0,0,0,0,2025-07-09T04:54:08Z,,0,,4.859,0,,,,,
91,Recommendations,rvallo22,https://www.reddit.com/r/SecurityCamera/comments/1lv673r/recommendations/,0,0,0,0,2025-07-09T01:25:52Z,,0,,,0,,,,,
92,Parked car wireless security camera,Exotic_Dig2773,https://www.reddit.com/r/SecurityCamera/comments/1lv552o/parked_car_wireless_security_camera/,0,0,0,0,2025-07-09T00:34:25Z,,0,,,0,,,,,
93,Business cameras,Ok_Worldliness4413,https://www.reddit.com/r/SecurityCamera/comments/1lv4h4x/business_cameras/,0,0,0,0,2025-07-09T00:03:04Z,,0,,,0,,,,,
94,Best Budget Battery Security Cams for Prime Day? (No Wiring Needed),No-Structure828,https://www.reddit.com/r/SecurityCamera/comments/1lv1x30/best_budget_battery_security_cams_for_prime_day/,19,0,23,0,2025-07-08T22:09:59Z,,42,,,49,,,,,
95,New Camera system upgrade for business,Sinnawinna,https://www.reddit.com/r/SecurityCamera/comments/1lv1ekl/new_camera_system_upgrade_for_business/,4,0,4,0,2025-07-08T21:48:55Z,,8,,,5,,,,,
96,POE not showing image,userforred,https://www.reddit.com/r/SecurityCamera/comments/1lv0mok/poe_not_showing_image/,0,0,2,0,2025-07-08T21:17:02Z,,2,,,5,,,,,
97,"Suggestions for camera to be used as a ""Traffic Cam"" or ""Weather Cam""",GradyCole,https://www.reddit.com/r/SecurityCamera/comments/1lv0adl/suggestions_for_camera_to_be_used_as_a_traffic/,1,0,1,0,2025-07-08T21:03:33Z,,2,,,78,,,,,
98,Replacing Lorex WiFi cameras,Bitter-Air-8760,https://www.reddit.com/r/SecurityCamera/comments/1luyvnv/replacing_lorex_wifi_cameras/,0,0,1,0,2025-07-08T20:08:30Z,,1,,,4,,,,,
99,No Drill Anti-Theft Mount for AOSU Video Doorbell Ultra,Serious-Today,https://www.reddit.com/r/SecurityCamera/comments/1luwf9w/no_drill_antitheft_mount_for_aosu_video_doorbell/,0,0,0,0,2025-07-08T18:33:34Z,,0,,,0,,,,,
100,Smarts needed just why not.,FalselyStorm,https://www.reddit.com/r/SecurityCamera/comments/1luu0he/smarts_needed_just_why_not/,0,0,0,0,2025-07-08T17:02:47Z,,0,,,0,,,,,
